{
	"format_version": "1.8.0",
	"animations": {
		"shoot": {
			"loop": false,
			"animation_length": 0.1999,
			"bones": {
				"head": {
					"position": {
						"0.0": [0, 0, 0],
						"0.125": [0, 0, 0.1625],
						"0.1999": [0, 0, 0]
					}
				},
				"leg": {
					"rotation": {
						"0.0": [0, 0, 0],
						"0.0833": [-0.1, 0, 0],
						"0.1999": [0, 0, 0]
					},
					"position": {
						"0.0": [0, 0, 0],
						"0.0833": [0, -0.1, 0],
						"0.1999": [0, 0, 0]
					}
				},
				"barrel": {
					"position": {
						"0.0": [0, 0, 0],
						"0.0833": [0, 0, 0.5],
						"0.1999": [0, 0, 0]
					}
				},
				"shellcasings": {
					"rotation": {
						"0.0": [0, 0, 0],
						"0.0417": [-29.7647, -47.73072, 27.44202],
						"0.0833": [-79.59467, 4.05193, 42.21356],
						"0.125": [-162.91875, -1.82944, -4.46603],
						"0.1667": [-180, 12.5, 0]
					},
					"position": {
						"0.0": [0, 0, 0],
						"0.0417": [-4, -1, 2],
						"0.0833": [-7, -3, 6],
						"0.125": [-10, -8, 11],
						"0.1667": [-12, -15.5, 16]
					}
				},
				"buttels": {
					"position": {
						"0.0": [0, 0, 0],
						"0.0833": [-0.6, 0, 0]
					}
				},
				"box": {
					"rotation": {
						"0.0": [0, 0, 4.5],
						"0.0833": [0, -1, 2.5],
						"0.1667": [-0.02367, -0.13424, 7.71902],
						"0.1999": [0, 0, 4.5]
					},
					"position": {
						"0.0": [-0.55, 0.4, 0],
						"0.0833": [-0.3375, 0.425, 0],
						"0.1667": [-0.89, 0.56, 0],
						"0.1999": [-0.55, 0.4, 0]
					}
				},
				"fire": {
					"scale": {
						"0.0833": [0, 0, 0],
						"0.125": {"pre": [0, 0, 0], "post": [1, 1, 1]}
					}
				}
			}
		},
		"idle": {
			"loop": true,
			"bones": {
				"fire": {
					"scale": 0
				},
				"box": {
					"rotation": [0, 0, 4.5],
					"position": [-0.55, 0.4, 0]
				}
			}
		}
	}
}